candidate_id,experiment_id,model_name,param_id,feature_set,pos_weight_mode,pos_weight,split,threshold_strategy,threshold,tn,fp,fn,tp
001_E1_main_2015_2025_xgboost_xgb_current_depth8_lr005_pw_none,E1_main_2015_2025,xgboost,xgb_current_depth8_lr005,prospective_forecast_available,none,1.0,validation,default_0_5,0.5,106430,612,14898,676
001_E1_main_2015_2025_xgboost_xgb_current_depth8_lr005_pw_none,E1_main_2015_2025,xgboost,xgb_current_depth8_lr005,prospective_forecast_available,none,1.0,test,default_0_5,0.5,214565,1455,29844,1726
001_E1_main_2015_2025_xgboost_xgb_current_depth8_lr005_pw_none,E1_main_2015_2025,xgboost,xgb_current_depth8_lr005,prospective_forecast_available,none,1.0,validation,best_f1,0.167033,86243,20799,7371,8203
001_E1_main_2015_2025_xgboost_xgb_current_depth8_lr005_pw_none,E1_main_2015_2025,xgboost,xgb_current_depth8_lr005,prospective_forecast_available,none,1.0,test,best_f1,0.167033,177383,38637,15357,16213
001_E1_main_2015_2025_xgboost_xgb_current_depth8_lr005_pw_none,E1_main_2015_2025,xgboost,xgb_current_depth8_lr005,prospective_forecast_available,none,1.0,validation,best_f2,0.08937,59757,47285,3064,12510
001_E1_main_2015_2025_xgboost_xgb_current_depth8_lr005_pw_none,E1_main_2015_2025,xgboost,xgb_current_depth8_lr005,prospective_forecast_available,none,1.0,test,best_f2,0.08937,127098,88922,6777,24793
001_E1_main_2015_2025_xgboost_xgb_current_depth8_lr005_pw_none,E1_main_2015_2025,xgboost,xgb_current_depth8_lr005,prospective_forecast_available,none,1.0,validation,best_balanced_accuracy,0.105951,67269,39773,4003,11571
001_E1_main_2015_2025_xgboost_xgb_current_depth8_lr005_pw_none,E1_main_2015_2025,xgboost,xgb_current_depth8_lr005,prospective_forecast_available,none,1.0,test,best_balanced_accuracy,0.105951,141680,74340,8680,22890
001_E1_main_2015_2025_xgboost_xgb_current_depth8_lr005_pw_none,E1_main_2015_2025,xgboost,xgb_current_depth8_lr005,prospective_forecast_available,none,1.0,validation,best_precision_at_min_recall,0.116721,71472,35570,4631,10943
001_E1_main_2015_2025_xgboost_xgb_current_depth8_lr005_pw_none,E1_main_2015_2025,xgboost,xgb_current_depth8_lr005,prospective_forecast_available,none,1.0,test,best_precision_at_min_recall,0.116721,149787,66233,9888,21682
001_E1_main_2015_2025_xgboost_xgb_current_depth8_lr005_pw_none,E1_main_2015_2025,xgboost,xgb_current_depth8_lr005,prospective_forecast_available,none,1.0,validation,best_recall_at_min_precision,0.133305,77157,29885,5587,9987
001_E1_main_2015_2025_xgboost_xgb_current_depth8_lr005_pw_none,E1_main_2015_2025,xgboost,xgb_current_depth8_lr005,prospective_forecast_available,none,1.0,test,best_recall_at_min_precision,0.133305,160483,55537,11776,19794
002_E1_main_2015_2025_xgboost_xgb_current_depth8_lr005_pw_sqrt,E1_main_2015_2025,xgboost,xgb_current_depth8_lr005,prospective_forecast_available,sqrt,2.6215585715781695,validation,default_0_5,0.5,101139,5903,11997,3577
002_E1_main_2015_2025_xgboost_xgb_current_depth8_lr005_pw_sqrt,E1_main_2015_2025,xgboost,xgb_current_depth8_lr005,prospective_forecast_available,sqrt,2.6215585715781695,test,default_0_5,0.5,205026,10994,24200,7370
002_E1_main_2015_2025_xgboost_xgb_current_depth8_lr005_pw_sqrt,E1_main_2015_2025,xgboost,xgb_current_depth8_lr005,prospective_forecast_available,sqrt,2.6215585715781695,validation,best_f1,0.336409,87211,19831,7610,7964
002_E1_main_2015_2025_xgboost_xgb_current_depth8_lr005_pw_sqrt,E1_main_2015_2025,xgboost,xgb_current_depth8_lr005,prospective_forecast_available,sqrt,2.6215585715781695,test,best_f1,0.336409,179208,36812,15876,15694
002_E1_main_2015_2025_xgboost_xgb_current_depth8_lr005_pw_sqrt,E1_main_2015_2025,xgboost,xgb_current_depth8_lr005,prospective_forecast_available,sqrt,2.6215585715781695,validation,best_f2,0.180832,57547,49495,2855,12719
002_E1_main_2015_2025_xgboost_xgb_current_depth8_lr005_pw_sqrt,E1_main_2015_2025,xgboost,xgb_current_depth8_lr005,prospective_forecast_available,sqrt,2.6215585715781695,test,best_f2,0.180832,122998,93022,6297,25273
002_E1_main_2015_2025_xgboost_xgb_current_depth8_lr005_pw_sqrt,E1_main_2015_2025,xgboost,xgb_current_depth8_lr005,prospective_forecast_available,sqrt,2.6215585715781695,validation,best_balanced_accuracy,0.236265,70406,36636,4488,11086
002_E1_main_2015_2025_xgboost_xgb_current_depth8_lr005_pw_sqrt,E1_main_2015_2025,xgboost,xgb_current_depth8_lr005,prospective_forecast_available,sqrt,2.6215585715781695,test,best_balanced_accuracy,0.236265,148067,67953,9664,21906
002_E1_main_2015_2025_xgboost_xgb_current_depth8_lr005_pw_sqrt,E1_main_2015_2025,xgboost,xgb_current_depth8_lr005,prospective_forecast_available,sqrt,2.6215585715781695,validation,best_precision_at_min_recall,0.241333,71452,35590,4650,10924
002_E1_main_2015_2025_xgboost_xgb_current_depth8_lr005_pw_sqrt,E1_main_2015_2025,xgboost,xgb_current_depth8_lr005,prospective_forecast_available,sqrt,2.6215585715781695,test,best_precision_at_min_recall,0.241333,149914,66106,9970,21600
002_E1_main_2015_2025_xgboost_xgb_current_depth8_lr005_pw_sqrt,E1_main_2015_2025,xgboost,xgb_current_depth8_lr005,prospective_forecast_available,sqrt,2.6215585715781695,validation,best_recall_at_min_precision,0.274672,77645,29397,5703,9871
002_E1_main_2015_2025_xgboost_xgb_current_depth8_lr005_pw_sqrt,E1_main_2015_2025,xgboost,xgb_current_depth8_lr005,prospective_forecast_available,sqrt,2.6215585715781695,test,best_recall_at_min_precision,0.274672,161730,54290,12120,19450
003_E1_main_2015_2025_xgboost_xgb_current_depth8_lr005_pw_half,E1_main_2015_2025,xgboost,xgb_current_depth8_lr005,prospective_forecast_available,half,3.4362846721074867,validation,default_0_5,0.5,98401,8641,11003,4571
003_E1_main_2015_2025_xgboost_xgb_current_depth8_lr005_pw_half,E1_main_2015_2025,xgboost,xgb_current_depth8_lr005,prospective_forecast_available,half,3.4362846721074867,test,default_0_5,0.5,200380,15640,22407,9163
003_E1_main_2015_2025_xgboost_xgb_current_depth8_lr005_pw_half,E1_main_2015_2025,xgboost,xgb_current_depth8_lr005,prospective_forecast_available,half,3.4362846721074867,validation,best_f1,0.361103,84707,22335,7095,8479
003_E1_main_2015_2025_xgboost_xgb_current_depth8_lr005_pw_half,E1_main_2015_2025,xgboost,xgb_current_depth8_lr005,prospective_forecast_available,half,3.4362846721074867,test,best_f1,0.361103,175083,40937,14995,16575
003_E1_main_2015_2025_xgboost_xgb_current_depth8_lr005_pw_half,E1_main_2015_2025,xgboost,xgb_current_depth8_lr005,prospective_forecast_available,half,3.4362846721074867,validation,best_f2,0.215362,58577,48465,3033,12541
003_E1_main_2015_2025_xgboost_xgb_current_depth8_lr005_pw_half,E1_main_2015_2025,xgboost,xgb_current_depth8_lr005,prospective_forecast_available,half,3.4362846721074867,test,best_f2,0.215362,125114,90906,6602,24968
003_E1_main_2015_2025_xgboost_xgb_current_depth8_lr005_pw_half,E1_main_2015_2025,xgboost,xgb_current_depth8_lr005,prospective_forecast_available,half,3.4362846721074867,validation,best_balanced_accuracy,0.272255,70360,36682,4534,11040
003_E1_main_2015_2025_xgboost_xgb_current_depth8_lr005_pw_half,E1_main_2015_2025,xgboost,xgb_current_depth8_lr005,prospective_forecast_available,half,3.4362846721074867,test,best_balanced_accuracy,0.272255,148152,67868,9819,21751
003_E1_main_2015_2025_xgboost_xgb_current_depth8_lr005_pw_half,E1_main_2015_2025,xgboost,xgb_current_depth8_lr005,prospective_forecast_available,half,3.4362846721074867,validation,best_precision_at_min_recall,0.275153,70871,36171,4626,10948
003_E1_main_2015_2025_xgboost_xgb_current_depth8_lr005_pw_half,E1_main_2015_2025,xgboost,xgb_current_depth8_lr005,prospective_forecast_available,half,3.4362846721074867,test,best_precision_at_min_recall,0.275153,149273,66747,9974,21596
003_E1_main_2015_2025_xgboost_xgb_current_depth8_lr005_pw_half,E1_main_2015_2025,xgboost,xgb_current_depth8_lr005,prospective_forecast_available,half,3.4362846721074867,validation,best_recall_at_min_precision,0.313538,77604,29438,5744,9830
003_E1_main_2015_2025_xgboost_xgb_current_depth8_lr005_pw_half,E1_main_2015_2025,xgboost,xgb_current_depth8_lr005,prospective_forecast_available,half,3.4362846721074867,test,best_recall_at_min_precision,0.313538,162091,53929,12246,19324
004_E1_main_2015_2025_xgboost_xgb_current_depth8_lr005_pw_balanced,E1_main_2015_2025,xgboost,xgb_current_depth8_lr005,prospective_forecast_available,balanced,6.872569344214973,validation,default_0_5,0.5,84613,22429,7207,8367
004_E1_main_2015_2025_xgboost_xgb_current_depth8_lr005_pw_balanced,E1_main_2015_2025,xgboost,xgb_current_depth8_lr005,prospective_forecast_available,balanced,6.872569344214973,test,default_0_5,0.5,174353,41667,15026,16544
004_E1_main_2015_2025_xgboost_xgb_current_depth8_lr005_pw_balanced,E1_main_2015_2025,xgboost,xgb_current_depth8_lr005,prospective_forecast_available,balanced,6.872569344214973,validation,best_f1,0.51,85763,21279,7446,8128
004_E1_main_2015_2025_xgboost_xgb_current_depth8_lr005_pw_balanced,E1_main_2015_2025,xgboost,xgb_current_depth8_lr005,prospective_forecast_available,balanced,6.872569344214973,test,best_f1,0.51,176603,39417,15543,16027
004_E1_main_2015_2025_xgboost_xgb_current_depth8_lr005_pw_balanced,E1_main_2015_2025,xgboost,xgb_current_depth8_lr005,prospective_forecast_available,balanced,6.872569344214973,validation,best_f2,0.309459,56318,50724,2877,12697
004_E1_main_2015_2025_xgboost_xgb_current_depth8_lr005_pw_balanced,E1_main_2015_2025,xgboost,xgb_current_depth8_lr005,prospective_forecast_available,balanced,6.872569344214973,test,best_f2,0.309459,120386,95634,6188,25382
004_E1_main_2015_2025_xgboost_xgb_current_depth8_lr005_pw_balanced,E1_main_2015_2025,xgboost,xgb_current_depth8_lr005,prospective_forecast_available,balanced,6.872569344214973,validation,best_balanced_accuracy,0.4,71103,35939,4782,10792
004_E1_main_2015_2025_xgboost_xgb_current_depth8_lr005_pw_balanced,E1_main_2015_2025,xgboost,xgb_current_depth8_lr005,prospective_forecast_available,balanced,6.872569344214973,test,best_balanced_accuracy,0.4,148817,67203,10016,21554
004_E1_main_2015_2025_xgboost_xgb_current_depth8_lr005_pw_balanced,E1_main_2015_2025,xgboost,xgb_current_depth8_lr005,prospective_forecast_available,balanced,6.872569344214973,validation,best_precision_at_min_recall,0.395,70294,36748,4668,10906
004_E1_main_2015_2025_xgboost_xgb_current_depth8_lr005_pw_balanced,E1_main_2015_2025,xgboost,xgb_current_depth8_lr005,prospective_forecast_available,balanced,6.872569344214973,test,best_precision_at_min_recall,0.395,147340,68680,9796,21774
004_E1_main_2015_2025_xgboost_xgb_current_depth8_lr005_pw_balanced,E1_main_2015_2025,xgboost,xgb_current_depth8_lr005,prospective_forecast_available,balanced,6.872569344214973,validation,best_recall_at_min_precision,0.45,78309,28733,5972,9602
004_E1_main_2015_2025_xgboost_xgb_current_depth8_lr005_pw_balanced,E1_main_2015_2025,xgboost,xgb_current_depth8_lr005,prospective_forecast_available,balanced,6.872569344214973,test,best_recall_at_min_precision,0.45,162334,53686,12521,19049
005_E1_main_2015_2025_xgboost_xgb_regularized_depth6_lr003_pw_none,E1_main_2015_2025,xgboost,xgb_regularized_depth6_lr003,prospective_forecast_available,none,1.0,validation,default_0_5,0.5,106521,521,14936,638
005_E1_main_2015_2025_xgboost_xgb_regularized_depth6_lr003_pw_none,E1_main_2015_2025,xgboost,xgb_regularized_depth6_lr003,prospective_forecast_available,none,1.0,test,default_0_5,0.5,214750,1270,29989,1581
005_E1_main_2015_2025_xgboost_xgb_regularized_depth6_lr003_pw_none,E1_main_2015_2025,xgboost,xgb_regularized_depth6_lr003,prospective_forecast_available,none,1.0,validation,best_f1,0.163337,84350,22692,6848,8726
005_E1_main_2015_2025_xgboost_xgb_regularized_depth6_lr003_pw_none,E1_main_2015_2025,xgboost,xgb_regularized_depth6_lr003,prospective_forecast_available,none,1.0,test,best_f1,0.163337,173689,42331,14288,17282
005_E1_main_2015_2025_xgboost_xgb_regularized_depth6_lr003_pw_none,E1_main_2015_2025,xgboost,xgb_regularized_depth6_lr003,prospective_forecast_available,none,1.0,validation,best_f2,0.09782,61982,45060,3249,12325
005_E1_main_2015_2025_xgboost_xgb_regularized_depth6_lr003_pw_none,E1_main_2015_2025,xgboost,xgb_regularized_depth6_lr003,prospective_forecast_available,none,1.0,test,best_f2,0.09782,130639,85381,7010,24560
005_E1_main_2015_2025_xgboost_xgb_regularized_depth6_lr003_pw_none,E1_main_2015_2025,xgboost,xgb_regularized_depth6_lr003,prospective_forecast_available,none,1.0,validation,best_balanced_accuracy,0.115,69297,37745,4222,11352
005_E1_main_2015_2025_xgboost_xgb_regularized_depth6_lr003_pw_none,E1_main_2015_2025,xgboost,xgb_regularized_depth6_lr003,prospective_forecast_available,none,1.0,test,best_balanced_accuracy,0.115,144976,71044,8990,22580
005_E1_main_2015_2025_xgboost_xgb_regularized_depth6_lr003_pw_none,E1_main_2015_2025,xgboost,xgb_regularized_depth6_lr003,prospective_forecast_available,none,1.0,validation,best_precision_at_min_recall,0.122211,72044,34998,4662,10912
005_E1_main_2015_2025_xgboost_xgb_regularized_depth6_lr003_pw_none,E1_main_2015_2025,xgboost,xgb_regularized_depth6_lr003,prospective_forecast_available,none,1.0,test,best_precision_at_min_recall,0.122211,150205,65815,9797,21773
005_E1_main_2015_2025_xgboost_xgb_regularized_depth6_lr003_pw_none,E1_main_2015_2025,xgboost,xgb_regularized_depth6_lr003,prospective_forecast_available,none,1.0,validation,best_recall_at_min_precision,0.135879,76696,30346,5445,10129
005_E1_main_2015_2025_xgboost_xgb_regularized_depth6_lr003_pw_none,E1_main_2015_2025,xgboost,xgb_regularized_depth6_lr003,prospective_forecast_available,none,1.0,test,best_recall_at_min_precision,0.135879,159133,56887,11325,20245
006_E1_main_2015_2025_xgboost_xgb_regularized_depth6_lr003_pw_sqrt,E1_main_2015_2025,xgboost,xgb_regularized_depth6_lr003,prospective_forecast_available,sqrt,2.6215585715781695,validation,default_0_5,0.5,100601,6441,11679,3895
006_E1_main_2015_2025_xgboost_xgb_regularized_depth6_lr003_pw_sqrt,E1_main_2015_2025,xgboost,xgb_regularized_depth6_lr003,prospective_forecast_available,sqrt,2.6215585715781695,test,default_0_5,0.5,204142,11878,23681,7889
006_E1_main_2015_2025_xgboost_xgb_regularized_depth6_lr003_pw_sqrt,E1_main_2015_2025,xgboost,xgb_regularized_depth6_lr003,prospective_forecast_available,sqrt,2.6215585715781695,validation,best_f1,0.344189,85821,21221,7188,8386
006_E1_main_2015_2025_xgboost_xgb_regularized_depth6_lr003_pw_sqrt,E1_main_2015_2025,xgboost,xgb_regularized_depth6_lr003,prospective_forecast_available,sqrt,2.6215585715781695,test,best_f1,0.344189,176790,39230,15082,16488
006_E1_main_2015_2025_xgboost_xgb_regularized_depth6_lr003_pw_sqrt,E1_main_2015_2025,xgboost,xgb_regularized_depth6_lr003,prospective_forecast_available,sqrt,2.6215585715781695,validation,best_f2,0.229773,64695,42347,3557,12017
006_E1_main_2015_2025_xgboost_xgb_regularized_depth6_lr003_pw_sqrt,E1_main_2015_2025,xgboost,xgb_regularized_depth6_lr003,prospective_forecast_available,sqrt,2.6215585715781695,test,best_f2,0.229773,136253,79767,7749,23821
006_E1_main_2015_2025_xgboost_xgb_regularized_depth6_lr003_pw_sqrt,E1_main_2015_2025,xgboost,xgb_regularized_depth6_lr003,prospective_forecast_available,sqrt,2.6215585715781695,validation,best_balanced_accuracy,0.245,68074,38968,4031,11543
006_E1_main_2015_2025_xgboost_xgb_regularized_depth6_lr003_pw_sqrt,E1_main_2015_2025,xgboost,xgb_regularized_depth6_lr003,prospective_forecast_available,sqrt,2.6215585715781695,test,best_balanced_accuracy,0.245,142923,73097,8710,22860
006_E1_main_2015_2025_xgboost_xgb_regularized_depth6_lr003_pw_sqrt,E1_main_2015_2025,xgboost,xgb_regularized_depth6_lr003,prospective_forecast_available,sqrt,2.6215585715781695,validation,best_precision_at_min_recall,0.264062,72054,34988,4652,10922
006_E1_main_2015_2025_xgboost_xgb_regularized_depth6_lr003_pw_sqrt,E1_main_2015_2025,xgboost,xgb_regularized_depth6_lr003,prospective_forecast_available,sqrt,2.6215585715781695,test,best_precision_at_min_recall,0.264062,150549,65471,9885,21685
006_E1_main_2015_2025_xgboost_xgb_regularized_depth6_lr003_pw_sqrt,E1_main_2015_2025,xgboost,xgb_regularized_depth6_lr003,prospective_forecast_available,sqrt,2.6215585715781695,validation,best_recall_at_min_precision,0.29,76971,30071,5522,10052
006_E1_main_2015_2025_xgboost_xgb_regularized_depth6_lr003_pw_sqrt,E1_main_2015_2025,xgboost,xgb_regularized_depth6_lr003,prospective_forecast_available,sqrt,2.6215585715781695,test,best_recall_at_min_precision,0.29,160190,55830,11512,20058
007_E1_main_2015_2025_xgboost_xgb_regularized_depth6_lr003_pw_half,E1_main_2015_2025,xgboost,xgb_regularized_depth6_lr003,prospective_forecast_available,half,3.4362846721074867,validation,default_0_5,0.5,96535,10507,10239,5335
007_E1_main_2015_2025_xgboost_xgb_regularized_depth6_lr003_pw_half,E1_main_2015_2025,xgboost,xgb_regularized_depth6_lr003,prospective_forecast_available,half,3.4362846721074867,test,default_0_5,0.5,196693,19327,20805,10765
007_E1_main_2015_2025_xgboost_xgb_regularized_depth6_lr003_pw_half,E1_main_2015_2025,xgboost,xgb_regularized_depth6_lr003,prospective_forecast_available,half,3.4362846721074867,validation,best_f1,0.396774,85313,21729,7092,8482
007_E1_main_2015_2025_xgboost_xgb_regularized_depth6_lr003_pw_half,E1_main_2015_2025,xgboost,xgb_regularized_depth6_lr003,prospective_forecast_available,half,3.4362846721074867,test,best_f1,0.396774,175847,40173,14851,16719
007_E1_main_2015_2025_xgboost_xgb_regularized_depth6_lr003_pw_half,E1_main_2015_2025,xgboost,xgb_regularized_depth6_lr003,prospective_forecast_available,half,3.4362846721074867,validation,best_f2,0.25,59312,47730,2995,12579
007_E1_main_2015_2025_xgboost_xgb_regularized_depth6_lr003_pw_half,E1_main_2015_2025,xgboost,xgb_regularized_depth6_lr003,prospective_forecast_available,half,3.4362846721074867,test,best_f2,0.25,125810,90210,6489,25081
007_E1_main_2015_2025_xgboost_xgb_regularized_depth6_lr003_pw_half,E1_main_2015_2025,xgboost,xgb_regularized_depth6_lr003,prospective_forecast_available,half,3.4362846721074867,validation,best_balanced_accuracy,0.295,68614,38428,4127,11447
007_E1_main_2015_2025_xgboost_xgb_regularized_depth6_lr003_pw_half,E1_main_2015_2025,xgboost,xgb_regularized_depth6_lr003,prospective_forecast_available,half,3.4362846721074867,test,best_balanced_accuracy,0.295,143905,72115,8856,22714
007_E1_main_2015_2025_xgboost_xgb_regularized_depth6_lr003_pw_half,E1_main_2015_2025,xgboost,xgb_regularized_depth6_lr003,prospective_forecast_available,half,3.4362846721074867,validation,best_precision_at_min_recall,0.313936,72066,34976,4640,10934
007_E1_main_2015_2025_xgboost_xgb_regularized_depth6_lr003_pw_half,E1_main_2015_2025,xgboost,xgb_regularized_depth6_lr003,prospective_forecast_available,half,3.4362846721074867,test,best_precision_at_min_recall,0.313936,150542,65478,9924,21646
007_E1_main_2015_2025_xgboost_xgb_regularized_depth6_lr003_pw_half,E1_main_2015_2025,xgboost,xgb_regularized_depth6_lr003,prospective_forecast_available,half,3.4362846721074867,validation,best_recall_at_min_precision,0.34,76587,30455,5419,10155
007_E1_main_2015_2025_xgboost_xgb_regularized_depth6_lr003_pw_half,E1_main_2015_2025,xgboost,xgb_regularized_depth6_lr003,prospective_forecast_available,half,3.4362846721074867,test,best_recall_at_min_precision,0.34,159300,56720,11398,20172
008_E1_main_2015_2025_xgboost_xgb_regularized_depth6_lr003_pw_balanced,E1_main_2015_2025,xgboost,xgb_regularized_depth6_lr003,prospective_forecast_available,balanced,6.872569344214973,validation,default_0_5,0.5,77881,29161,5666,9908
008_E1_main_2015_2025_xgboost_xgb_regularized_depth6_lr003_pw_balanced,E1_main_2015_2025,xgboost,xgb_regularized_depth6_lr003,prospective_forecast_available,balanced,6.872569344214973,test,default_0_5,0.5,162187,53833,11967,19603
008_E1_main_2015_2025_xgboost_xgb_regularized_depth6_lr003_pw_balanced,E1_main_2015_2025,xgboost,xgb_regularized_depth6_lr003,prospective_forecast_available,balanced,6.872569344214973,validation,best_f1,0.55,84901,22141,7035,8539
008_E1_main_2015_2025_xgboost_xgb_regularized_depth6_lr003_pw_balanced,E1_main_2015_2025,xgboost,xgb_regularized_depth6_lr003,prospective_forecast_available,balanced,6.872569344214973,test,best_f1,0.55,175078,40942,14768,16802
008_E1_main_2015_2025_xgboost_xgb_regularized_depth6_lr003_pw_balanced,E1_main_2015_2025,xgboost,xgb_regularized_depth6_lr003,prospective_forecast_available,balanced,6.872569344214973,validation,best_f2,0.401311,62467,44575,3370,12204
008_E1_main_2015_2025_xgboost_xgb_regularized_depth6_lr003_pw_balanced,E1_main_2015_2025,xgboost,xgb_regularized_depth6_lr003,prospective_forecast_available,balanced,6.872569344214973,test,best_f2,0.401311,132620,83400,7253,24317
008_E1_main_2015_2025_xgboost_xgb_regularized_depth6_lr003_pw_balanced,E1_main_2015_2025,xgboost,xgb_regularized_depth6_lr003,prospective_forecast_available,balanced,6.872569344214973,validation,best_balanced_accuracy,0.434578,67842,39200,4033,11541
008_E1_main_2015_2025_xgboost_xgb_regularized_depth6_lr003_pw_balanced,E1_main_2015_2025,xgboost,xgb_regularized_depth6_lr003,prospective_forecast_available,balanced,6.872569344214973,test,best_balanced_accuracy,0.434578,143080,72940,8773,22797
008_E1_main_2015_2025_xgboost_xgb_regularized_depth6_lr003_pw_balanced,E1_main_2015_2025,xgboost,xgb_regularized_depth6_lr003,prospective_forecast_available,balanced,6.872569344214973,validation,best_precision_at_min_recall,0.46,71801,35241,4671,10903
008_E1_main_2015_2025_xgboost_xgb_regularized_depth6_lr003_pw_balanced,E1_main_2015_2025,xgboost,xgb_regularized_depth6_lr003,prospective_forecast_available,balanced,6.872569344214973,test,best_precision_at_min_recall,0.46,150612,65408,9949,21621
008_E1_main_2015_2025_xgboost_xgb_regularized_depth6_lr003_pw_balanced,E1_main_2015_2025,xgboost,xgb_regularized_depth6_lr003,prospective_forecast_available,balanced,6.872569344214973,validation,best_recall_at_min_precision,0.495,77133,29909,5538,10036
008_E1_main_2015_2025_xgboost_xgb_regularized_depth6_lr003_pw_balanced,E1_main_2015_2025,xgboost,xgb_regularized_depth6_lr003,prospective_forecast_available,balanced,6.872569344214973,test,best_recall_at_min_precision,0.495,160801,55219,11673,19897
009_E1_main_2015_2025_xgboost_xgb_shallow_depth5_lr003_pw_none,E1_main_2015_2025,xgboost,xgb_shallow_depth5_lr003,prospective_forecast_available,none,1.0,validation,default_0_5,0.5,106545,497,14962,612
009_E1_main_2015_2025_xgboost_xgb_shallow_depth5_lr003_pw_none,E1_main_2015_2025,xgboost,xgb_shallow_depth5_lr003,prospective_forecast_available,none,1.0,test,default_0_5,0.5,214813,1207,30077,1493
009_E1_main_2015_2025_xgboost_xgb_shallow_depth5_lr003_pw_none,E1_main_2015_2025,xgboost,xgb_shallow_depth5_lr003,prospective_forecast_available,none,1.0,validation,best_f1,0.17,86470,20572,7324,8250
009_E1_main_2015_2025_xgboost_xgb_shallow_depth5_lr003_pw_none,E1_main_2015_2025,xgboost,xgb_shallow_depth5_lr003,prospective_forecast_available,none,1.0,test,best_f1,0.17,177360,38660,15195,16375
009_E1_main_2015_2025_xgboost_xgb_shallow_depth5_lr003_pw_none,E1_main_2015_2025,xgboost,xgb_shallow_depth5_lr003,prospective_forecast_available,none,1.0,validation,best_f2,0.095,60501,46541,3095,12479
009_E1_main_2015_2025_xgboost_xgb_shallow_depth5_lr003_pw_none,E1_main_2015_2025,xgboost,xgb_shallow_depth5_lr003,prospective_forecast_available,none,1.0,test,best_f2,0.095,127632,88388,6619,24951
009_E1_main_2015_2025_xgboost_xgb_shallow_depth5_lr003_pw_none,E1_main_2015_2025,xgboost,xgb_shallow_depth5_lr003,prospective_forecast_available,none,1.0,validation,best_balanced_accuracy,0.11132,67852,39190,4023,11551
009_E1_main_2015_2025_xgboost_xgb_shallow_depth5_lr003_pw_none,E1_main_2015_2025,xgboost,xgb_shallow_depth5_lr003,prospective_forecast_available,none,1.0,test,best_balanced_accuracy,0.11132,141998,74022,8500,23070
009_E1_main_2015_2025_xgboost_xgb_shallow_depth5_lr003_pw_none,E1_main_2015_2025,xgboost,xgb_shallow_depth5_lr003,prospective_forecast_available,none,1.0,validation,best_precision_at_min_recall,0.121911,72062,34980,4644,10930
009_E1_main_2015_2025_xgboost_xgb_shallow_depth5_lr003_pw_none,E1_main_2015_2025,xgboost,xgb_shallow_depth5_lr003,prospective_forecast_available,none,1.0,test,best_precision_at_min_recall,0.121911,150258,65762,9753,21817
009_E1_main_2015_2025_xgboost_xgb_shallow_depth5_lr003_pw_none,E1_main_2015_2025,xgboost,xgb_shallow_depth5_lr003,prospective_forecast_available,none,1.0,validation,best_recall_at_min_precision,0.135,76668,30374,5428,10146
009_E1_main_2015_2025_xgboost_xgb_shallow_depth5_lr003_pw_none,E1_main_2015_2025,xgboost,xgb_shallow_depth5_lr003,prospective_forecast_available,none,1.0,test,best_recall_at_min_precision,0.135,158998,57022,11268,20302
010_E1_main_2015_2025_xgboost_xgb_shallow_depth5_lr003_pw_sqrt,E1_main_2015_2025,xgboost,xgb_shallow_depth5_lr003,prospective_forecast_available,sqrt,2.6215585715781695,validation,default_0_5,0.5,100748,6294,11695,3879
010_E1_main_2015_2025_xgboost_xgb_shallow_depth5_lr003_pw_sqrt,E1_main_2015_2025,xgboost,xgb_shallow_depth5_lr003,prospective_forecast_available,sqrt,2.6215585715781695,test,default_0_5,0.5,204186,11834,23719,7851
010_E1_main_2015_2025_xgboost_xgb_shallow_depth5_lr003_pw_sqrt,E1_main_2015_2025,xgboost,xgb_shallow_depth5_lr003,prospective_forecast_available,sqrt,2.6215585715781695,validation,best_f1,0.350967,86831,20211,7386,8188
010_E1_main_2015_2025_xgboost_xgb_shallow_depth5_lr003_pw_sqrt,E1_main_2015_2025,xgboost,xgb_shallow_depth5_lr003,prospective_forecast_available,sqrt,2.6215585715781695,test,best_f1,0.350967,178556,37464,15547,16023
010_E1_main_2015_2025_xgboost_xgb_shallow_depth5_lr003_pw_sqrt,E1_main_2015_2025,xgboost,xgb_shallow_depth5_lr003,prospective_forecast_available,sqrt,2.6215585715781695,validation,best_f2,0.223394,62556,44486,3281,12293
010_E1_main_2015_2025_xgboost_xgb_shallow_depth5_lr003_pw_sqrt,E1_main_2015_2025,xgboost,xgb_shallow_depth5_lr003,prospective_forecast_available,sqrt,2.6215585715781695,test,best_f2,0.223394,132121,83899,7244,24326
010_E1_main_2015_2025_xgboost_xgb_shallow_depth5_lr003_pw_sqrt,E1_main_2015_2025,xgboost,xgb_shallow_depth5_lr003,prospective_forecast_available,sqrt,2.6215585715781695,validation,best_balanced_accuracy,0.259526,70524,36518,4370,11204
010_E1_main_2015_2025_xgboost_xgb_shallow_depth5_lr003_pw_sqrt,E1_main_2015_2025,xgboost,xgb_shallow_depth5_lr003,prospective_forecast_available,sqrt,2.6215585715781695,test,best_balanced_accuracy,0.259526,147800,68220,9446,22124
010_E1_main_2015_2025_xgboost_xgb_shallow_depth5_lr003_pw_sqrt,E1_main_2015_2025,xgboost,xgb_shallow_depth5_lr003,prospective_forecast_available,sqrt,2.6215585715781695,validation,best_precision_at_min_recall,0.266905,72064,34978,4642,10932
010_E1_main_2015_2025_xgboost_xgb_shallow_depth5_lr003_pw_sqrt,E1_main_2015_2025,xgboost,xgb_shallow_depth5_lr003,prospective_forecast_available,sqrt,2.6215585715781695,test,best_precision_at_min_recall,0.266905,150707,65313,9905,21665
010_E1_main_2015_2025_xgboost_xgb_shallow_depth5_lr003_pw_sqrt,E1_main_2015_2025,xgboost,xgb_shallow_depth5_lr003,prospective_forecast_available,sqrt,2.6215585715781695,validation,best_recall_at_min_precision,0.29,76695,30347,5409,10165
010_E1_main_2015_2025_xgboost_xgb_shallow_depth5_lr003_pw_sqrt,E1_main_2015_2025,xgboost,xgb_shallow_depth5_lr003,prospective_forecast_available,sqrt,2.6215585715781695,test,best_recall_at_min_precision,0.29,159641,56379,11404,20166
011_E1_main_2015_2025_xgboost_xgb_shallow_depth5_lr003_pw_half,E1_main_2015_2025,xgboost,xgb_shallow_depth5_lr003,prospective_forecast_available,half,3.4362846721074867,validation,default_0_5,0.5,95795,11247,9978,5596
011_E1_main_2015_2025_xgboost_xgb_shallow_depth5_lr003_pw_half,E1_main_2015_2025,xgboost,xgb_shallow_depth5_lr003,prospective_forecast_available,half,3.4362846721074867,test,default_0_5,0.5,195643,20377,20385,11185
011_E1_main_2015_2025_xgboost_xgb_shallow_depth5_lr003_pw_half,E1_main_2015_2025,xgboost,xgb_shallow_depth5_lr003,prospective_forecast_available,half,3.4362846721074867,validation,best_f1,0.4,84586,22456,6896,8678
011_E1_main_2015_2025_xgboost_xgb_shallow_depth5_lr003_pw_half,E1_main_2015_2025,xgboost,xgb_shallow_depth5_lr003,prospective_forecast_available,half,3.4362846721074867,test,best_f1,0.4,174887,41133,14708,16862
011_E1_main_2015_2025_xgboost_xgb_shallow_depth5_lr003_pw_half,E1_main_2015_2025,xgboost,xgb_shallow_depth5_lr003,prospective_forecast_available,half,3.4362846721074867,validation,best_f2,0.25567,58726,48316,2884,12690
011_E1_main_2015_2025_xgboost_xgb_shallow_depth5_lr003_pw_half,E1_main_2015_2025,xgboost,xgb_shallow_depth5_lr003,prospective_forecast_available,half,3.4362846721074867,test,best_f2,0.25567,125152,90868,6374,25196
011_E1_main_2015_2025_xgboost_xgb_shallow_depth5_lr003_pw_half,E1_main_2015_2025,xgboost,xgb_shallow_depth5_lr003,prospective_forecast_available,half,3.4362846721074867,validation,best_balanced_accuracy,0.295,66709,40333,3849,11725
011_E1_main_2015_2025_xgboost_xgb_shallow_depth5_lr003_pw_half,E1_main_2015_2025,xgboost,xgb_shallow_depth5_lr003,prospective_forecast_available,half,3.4362846721074867,test,best_balanced_accuracy,0.295,140800,75220,8486,23084
011_E1_main_2015_2025_xgboost_xgb_shallow_depth5_lr003_pw_half,E1_main_2015_2025,xgboost,xgb_shallow_depth5_lr003,prospective_forecast_available,half,3.4362846721074867,validation,best_precision_at_min_recall,0.323243,72046,34996,4660,10914
011_E1_main_2015_2025_xgboost_xgb_shallow_depth5_lr003_pw_half,E1_main_2015_2025,xgboost,xgb_shallow_depth5_lr003,prospective_forecast_available,half,3.4362846721074867,test,best_precision_at_min_recall,0.323243,151303,64717,9964,21606
011_E1_main_2015_2025_xgboost_xgb_shallow_depth5_lr003_pw_half,E1_main_2015_2025,xgboost,xgb_shallow_depth5_lr003,prospective_forecast_available,half,3.4362846721074867,validation,best_recall_at_min_precision,0.349615,76726,30316,5414,10160
011_E1_main_2015_2025_xgboost_xgb_shallow_depth5_lr003_pw_half,E1_main_2015_2025,xgboost,xgb_shallow_depth5_lr003,prospective_forecast_available,half,3.4362846721074867,test,best_recall_at_min_precision,0.349615,160325,55695,11523,20047
012_E1_main_2015_2025_xgboost_xgb_shallow_depth5_lr003_pw_balanced,E1_main_2015_2025,xgboost,xgb_shallow_depth5_lr003,prospective_forecast_available,balanced,6.872569344214973,validation,default_0_5,0.5,76854,30188,5418,10156
012_E1_main_2015_2025_xgboost_xgb_shallow_depth5_lr003_pw_balanced,E1_main_2015_2025,xgboost,xgb_shallow_depth5_lr003,prospective_forecast_available,balanced,6.872569344214973,test,default_0_5,0.5,160142,55878,11559,20011
012_E1_main_2015_2025_xgboost_xgb_shallow_depth5_lr003_pw_balanced,E1_main_2015_2025,xgboost,xgb_shallow_depth5_lr003,prospective_forecast_available,balanced,6.872569344214973,validation,best_f1,0.55,84279,22763,6843,8731
012_E1_main_2015_2025_xgboost_xgb_shallow_depth5_lr003_pw_balanced,E1_main_2015_2025,xgboost,xgb_shallow_depth5_lr003,prospective_forecast_available,balanced,6.872569344214973,test,best_f1,0.55,173915,42105,14491,17079
012_E1_main_2015_2025_xgboost_xgb_shallow_depth5_lr003_pw_balanced,E1_main_2015_2025,xgboost,xgb_shallow_depth5_lr003,prospective_forecast_available,balanced,6.872569344214973,validation,best_f2,0.399067,60336,46706,3085,12489
012_E1_main_2015_2025_xgboost_xgb_shallow_depth5_lr003_pw_balanced,E1_main_2015_2025,xgboost,xgb_shallow_depth5_lr003,prospective_forecast_available,balanced,6.872569344214973,test,best_f2,0.399067,128202,87818,6775,24795
012_E1_main_2015_2025_xgboost_xgb_shallow_depth5_lr003_pw_balanced,E1_main_2015_2025,xgboost,xgb_shallow_depth5_lr003,prospective_forecast_available,balanced,6.872569344214973,validation,best_balanced_accuracy,0.445,67983,39059,4058,11516
012_E1_main_2015_2025_xgboost_xgb_shallow_depth5_lr003_pw_balanced,E1_main_2015_2025,xgboost,xgb_shallow_depth5_lr003,prospective_forecast_available,balanced,6.872569344214973,test,best_balanced_accuracy,0.445,143155,72865,8813,22757
012_E1_main_2015_2025_xgboost_xgb_shallow_depth5_lr003_pw_balanced,E1_main_2015_2025,xgboost,xgb_shallow_depth5_lr003,prospective_forecast_available,balanced,6.872569344214973,validation,best_precision_at_min_recall,0.470008,72044,34998,4662,10912
012_E1_main_2015_2025_xgboost_xgb_shallow_depth5_lr003_pw_balanced,E1_main_2015_2025,xgboost,xgb_shallow_depth5_lr003,prospective_forecast_available,balanced,6.872569344214973,test,best_precision_at_min_recall,0.470008,151028,64992,9998,21572
012_E1_main_2015_2025_xgboost_xgb_shallow_depth5_lr003_pw_balanced,E1_main_2015_2025,xgboost,xgb_shallow_depth5_lr003,prospective_forecast_available,balanced,6.872569344214973,validation,best_recall_at_min_precision,0.499324,76737,30305,5404,10170
012_E1_main_2015_2025_xgboost_xgb_shallow_depth5_lr003_pw_balanced,E1_main_2015_2025,xgboost,xgb_shallow_depth5_lr003,prospective_forecast_available,balanced,6.872569344214973,test,best_recall_at_min_precision,0.499324,159950,56070,11527,20043
